{
  "conv1": {
    "A_auto_truck_diff": {
      "mean": 0.20323637425899505,
      "std": 0.01114678201453325
    },
    "B_auto_truck_diff": {
      "mean": 0.18888377547264099,
      "std": 0.013877530857018393
    },
    "C_auto_truck_diff": {
      "mean": 0.1897980898618698,
      "std": 0.012307765884389631
    },
    "A_B_cross_model_auto": {
      "mean": 0.334391450881958,
      "std": 0.025915508127522753
    },
    "A_C_cross_model_auto": {
      "mean": 0.30127242803573606,
      "std": 0.038577711313070535
    },
    "noise_floor": {
      "mean": 1.6093919277191162,
      "std": 0.14599745958851584
    }
  },
  "conv2": {
    "A_auto_truck_diff": {
      "mean": 0.4072663426399231,
      "std": 0.028471657668858386
    },
    "B_auto_truck_diff": {
      "mean": 0.32110617160797117,
      "std": 0.016696077735038572
    },
    "C_auto_truck_diff": {
      "mean": 0.327453088760376,
      "std": 0.014837793807927756
    },
    "A_B_cross_model_auto": {
      "mean": 1.1465100526809693,
      "std": 0.08420231867780485
    },
    "A_C_cross_model_auto": {
      "mean": 1.0861634254455566,
      "std": 0.08907126544711995
    },
    "noise_floor": {
      "mean": 1.722155225276947,
      "std": 0.1419027352906436
    }
  },
  "conv3": {
    "A_auto_truck_diff": {
      "mean": 1.0626458168029784,
      "std": 0.06816405972562935
    },
    "B_auto_truck_diff": {
      "mean": 0.7727311849594116,
      "std": 0.060365337171188915
    },
    "C_auto_truck_diff": {
      "mean": 0.8536236763000489,
      "std": 0.06682131152075144
    },
    "A_B_cross_model_auto": {
      "mean": 1.4660074949264525,
      "std": 0.06471885118550032
    },
    "A_C_cross_model_auto": {
      "mean": 1.3256139039993287,
      "std": 0.09558307495187567
    },
    "noise_floor": {
      "mean": 3.420867657661438,
      "std": 0.14999219501744648
    }
  },
  "fc1": {
    "A_auto_truck_diff": {
      "mean": 14.640565299987793,
      "std": 0.7852061347466704
    },
    "B_auto_truck_diff": {
      "mean": 6.417389011383056,
      "std": 1.206728114679786
    },
    "C_auto_truck_diff": {
      "mean": 15.119887161254884,
      "std": 0.3231340997852612
    },
    "A_B_cross_model_auto": {
      "mean": 21.32127990722656,
      "std": 3.2390500881787183
    },
    "A_C_cross_model_auto": {
      "mean": 15.625946617126464,
      "std": 4.925802956084598
    },
    "noise_floor": {
      "mean": 36.212955474853516,
      "std": 0.9215941915575612
    }
  }
}