{
  "alphas": [
    0.05,
    0.1,
    0.25,
    0.5,
    1.0
  ],
  "random_trials": 3,
  "max_images": 300,
  "results": {
    "color_blocks": {
      "dataset": "color_blocks",
      "probe_task": "blue_vs_green",
      "B_plus_AB": {
        "baseline": {
          "probe_accuracy": 0.9783333333333335,
          "probe_std": 0.015456030825826169,
          "has_nan": false
        },
        "alphas": {
          "0.050": {
            "real": {
              "probe_accuracy": 0.9783333333333335,
              "probe_std": 0.015456030825826169,
              "has_nan": false,
              "gain_over_baseline": 0.0,
              "gain_vs_random_mean": -0.002777777777777657
            },
            "random": {
              "mean_probe_accuracy": 0.9811111111111112,
              "std_probe_accuracy": 0.0031426968052736173,
              "nan_rate": 0.0
            }
          },
          "0.100": {
            "real": {
              "probe_accuracy": 0.9766666666666666,
              "probe_std": 0.014337208778404362,
              "has_nan": false,
              "gain_over_baseline": -0.0016666666666669272,
              "gain_vs_random_mean": -0.004444444444444584
            },
            "random": {
              "mean_probe_accuracy": 0.9811111111111112,
              "std_probe_accuracy": 0.009060836905722245,
              "nan_rate": 0.0
            }
          },
          "0.250": {
            "real": {
              "probe_accuracy": 0.9683333333333334,
              "probe_std": 0.01615893285805441,
              "has_nan": false,
              "gain_over_baseline": -0.01000000000000012,
              "gain_vs_random_mean": 0.0022222222222222365
            },
            "random": {
              "mean_probe_accuracy": 0.9661111111111111,
              "std_probe_accuracy": 0.010570165328022388,
              "nan_rate": 0.0
            }
          },
          "0.500": {
            "real": {
              "probe_accuracy": null,
              "probe_std": null,
              "has_nan": true,
              "gain_over_baseline": null,
              "gain_vs_random_mean": null
            },
            "random": {
              "mean_probe_accuracy": 0.9683333333333334,
              "std_probe_accuracy": 0.0,
              "nan_rate": 0.6666666666666666
            }
          },
          "1.000": {
            "real": {
              "probe_accuracy": null,
              "probe_std": null,
              "has_nan": true,
              "gain_over_baseline": null,
              "gain_vs_random_mean": null
            },
            "random": {
              "mean_probe_accuracy": null,
              "std_probe_accuracy": null,
              "nan_rate": 1.0
            }
          }
        }
      },
      "C_plus_AC": {
        "baseline": {
          "probe_accuracy": 0.99,
          "probe_std": 0.006236095644623261,
          "has_nan": false
        },
        "alphas": {
          "0.050": {
            "real": {
              "probe_accuracy": 0.9883333333333333,
              "probe_std": 0.006666666666666693,
              "has_nan": false,
              "gain_over_baseline": -0.0016666666666667052,
              "gain_vs_random_mean": -0.0016666666666665941
            },
            "random": {
              "mean_probe_accuracy": 0.9899999999999999,
              "std_probe_accuracy": 1.1102230246251565e-16,
              "nan_rate": 0.0
            }
          },
          "0.100": {
            "real": {
              "probe_accuracy": 0.9883333333333333,
              "probe_std": 0.006666666666666693,
              "has_nan": false,
              "gain_over_baseline": -0.0016666666666667052,
              "gain_vs_random_mean": -0.0011111111111109517
            },
            "random": {
              "mean_probe_accuracy": 0.9894444444444442,
              "std_probe_accuracy": 0.0020786985482077534,
              "nan_rate": 0.0
            }
          },
          "0.250": {
            "real": {
              "probe_accuracy": 0.9916666666666666,
              "probe_std": 0.005270462766947316,
              "has_nan": false,
              "gain_over_baseline": 0.0016666666666665941,
              "gain_vs_random_mean": -0.0011111111111112848
            },
            "random": {
              "mean_probe_accuracy": 0.9927777777777779,
              "std_probe_accuracy": 0.0020786985482077144,
              "nan_rate": 0.0
            }
          },
          "0.500": {
            "real": {
              "probe_accuracy": null,
              "probe_std": null,
              "has_nan": true,
              "gain_over_baseline": null,
              "gain_vs_random_mean": null
            },
            "random": {
              "mean_probe_accuracy": 0.9916666666666668,
              "std_probe_accuracy": 0.0,
              "nan_rate": 0.6666666666666666
            }
          },
          "1.000": {
            "real": {
              "probe_accuracy": null,
              "probe_std": null,
              "has_nan": true,
              "gain_over_baseline": null,
              "gain_vs_random_mean": null
            },
            "random": {
              "mean_probe_accuracy": null,
              "std_probe_accuracy": null,
              "nan_rate": 1.0
            }
          }
        }
      }
    },
    "cifar10": {
      "dataset": "cifar10",
      "probe_task": "automobile_vs_truck",
      "B_plus_AB": {
        "baseline": {
          "probe_accuracy": 0.86,
          "probe_std": 0.016996731711975972,
          "has_nan": false
        },
        "alphas": {
          "0.050": {
            "real": {
              "probe_accuracy": 0.865,
              "probe_std": 0.017795130420052208,
              "has_nan": false,
              "gain_over_baseline": 0.0050000000000000044,
              "gain_vs_random_mean": 0.002777777777777657
            },
            "random": {
              "mean_probe_accuracy": 0.8622222222222223,
              "std_probe_accuracy": 0.000785674201318352,
              "nan_rate": 0.0
            }
          },
          "0.100": {
            "real": {
              "probe_accuracy": 0.8699999999999999,
              "probe_std": 0.019436506316151018,
              "has_nan": false,
              "gain_over_baseline": 0.009999999999999898,
              "gain_vs_random_mean": 0.0038888888888887196
            },
            "random": {
              "mean_probe_accuracy": 0.8661111111111112,
              "std_probe_accuracy": 0.003142696805273565,
              "nan_rate": 0.0
            }
          },
          "0.250": {
            "real": {
              "probe_accuracy": 0.8716666666666667,
              "probe_std": 0.017159383568311704,
              "has_nan": false,
              "gain_over_baseline": 0.011666666666666714,
              "gain_vs_random_mean": 0.03055555555555567
            },
            "random": {
              "mean_probe_accuracy": 0.841111111111111,
              "std_probe_accuracy": 0.003928371006591864,
              "nan_rate": 0.0
            }
          },
          "0.500": {
            "real": {
              "probe_accuracy": 0.8683333333333334,
              "probe_std": 0.02068278940998476,
              "has_nan": false,
              "gain_over_baseline": 0.008333333333333415,
              "gain_vs_random_mean": 0.04555555555555568
            },
            "random": {
              "mean_probe_accuracy": 0.8227777777777777,
              "std_probe_accuracy": 0.026539046472213768,
              "nan_rate": 0.0
            }
          },
          "1.000": {
            "real": {
              "probe_accuracy": 0.865,
              "probe_std": 0.027588242262078094,
              "has_nan": false,
              "gain_over_baseline": 0.0050000000000000044,
              "gain_vs_random_mean": 0.053888888888888764
            },
            "random": {
              "mean_probe_accuracy": 0.8111111111111112,