{
  "sky_ocean_cosine": 0.5563598871231079,
  "few_shot_probe": {
    "sky": {
      "5": {
        "mean": 0.6123858615611192,
        "std": 0.11749660886252572
      },
      "10": {
        "mean": 0.6739970501474926,
        "std": 0.06608586608042287
      },
      "20": {
        "mean": 0.713594674556213,
        "std": 0.042328761770652555
      },
      "50": {
        "mean": 0.7339253731343284,
        "std": 0.024619632587728313
      }
    },
    "ocean": {
      "5": {
        "mean": 0.6549494949494948,
        "std": 0.11253558881130551
      },
      "10": {
        "mean": 0.6275000000000001,
        "std": 0.09085156103927788
      },
      "20": {
        "mean": 0.66578125,
        "std": 0.041224575234908245
      },
      "50": {
        "mean": 0.6821666666666667,
        "std": 0.03335642718529521
      }
    }
  },
  "sky_class_scores": {
    "airplane": 6.476096153259277,
    "automobile": 0.19333189725875854,
    "bird": 0.3256129026412964,
    "cat": -2.77821683883667,
    "deer": 0.4798518419265747,
    "dog": -2.572258949279785,
    "frog": -5.653736114501953,
    "horse": 5.93947696685791,
    "ship": 7.851062774658203,
    "truck": 1.4212982654571533
  },
  "ocean_class_scores": {
    "airplane": 2.161304473876953,
    "automobile": -1.4588406085968018,
    "bird": 0.06949722766876221,
    "cat": -1.7782753705978394,
    "deer": -2.1887896060943604,
    "dog": -1.6523874998092651,
    "frog": -2.394911766052246,
    "horse": -2.91109561920166,
    "ship": 11.482685089111328,
    "truck": -1.6270537376403809
  }
}